<?xml version="1.0" encoding="UTF-8" ?>
<Mission xmlns="http://ProjectMalmo.microsoft.com" xmlns:xsi="http://www.w3.org/2001/XMLSchema-instance">
  <About>
    <Summary>Find the goal! A small house. Who dropped the lava on the carpet?</Summary>
  </About>

  <ServerSection>
     <ServerInitialConditions>
        <Time>
          <StartTime>6000</StartTime>
          <AllowPassageOfTime>false</AllowPassageOfTime>
        </Time>
        <Weather>clear</Weather>
        <AllowSpawning>false</AllowSpawning>
     </ServerInitialConditions>
    <ServerHandlers>
      <FlatWorldGenerator generatorString="3;7,220*1,5*3,2;3;,biome_1" />
      <ClassroomDecorator>
        <complexity>
          <building>0.5</building>
          <path>0.5</path>
          <division>1</division>
          <obstacle>1</obstacle>
          <hint>0</hint>
        </complexity>
      </ClassroomDecorator>
      <ServerQuitFromTimeUp timeLimitMs="30000" description="out_of_time"/>
      <ServerQuitWhenAnyAgentFinishes />
    </ServerHandlers>
  </ServerSection>

  <AgentSection mode="Survival">
    <Name>James Bond</Name>
    <AgentStart>
      <Placement x="-203.5" y="81.0" z="217.5"/>
    </AgentStart>
    <AgentHandlers>
      <VideoProducer want_depth="false">
        <Width>320</Width>
        <Height>240</Height>
      </VideoProducer>
      <ObservationFromFullStats />
      <ContinuousMovementCommands turnSpeedDegs="180">
        <ModifierList type="deny-list">
          <command>attack</command>
        </ModifierList>
      </ContinuousMovementCommands>
      <RewardForMissionEnd rewardForDeath="-10000">
        <Reward description="found_goal" reward="1000" />
        <Reward description="out_of_time" reward="-1000" />
      </RewardForMissionEnd>
      <RewardForTouchingBlockType>
        <Block type="gold_ore diamond_ore redstone_ore" reward="20" />
      </RewardForTouchingBlockType>
      <AgentQuitFromTouchingBlockType>
        <Block type="gold_block diamond_block redstone_block" description="found_goal" />
      </AgentQuitFromTouchingBlockType>
    </AgentHandlers>
  </AgentSection>
</Mission>
