<?xml version="1.0" encoding="UTF-8" ?>
<Mission xmlns="http://ProjectMalmo.microsoft.com" xmlns:xsi="http://www.w3.org/2001/XMLSchema-instance">
  <About>
    <Summary>Find the goal!</Summary>
  </About>

  <ServerSection>
      <ServerInitialConditions>
        <Time>
          <StartTime>6000</StartTime>
          <AllowPassageOfTime>false</AllowPassageOfTime>
        </Time>
        <Weather>clear</Weather>
        <AllowSpawning>false</AllowSpawning>
       </ServerInitialConditions>
    <ServerHandlers>
      <FlatWorldGenerator generatorString="3;7,220*1,5*3,2;3;,biome_1" />
      <ClassroomDecorator seed="__SEED__" palette="random">
        <specification>
          <width>25</width>
          <height>7</height>
          <length>25</length>
          <pathLength>8</pathLength>
          <divisions>
            <southNorth>2</southNorth>
            <eastWest>2</eastWest>
            <aboveBelow>0</aboveBelow>
          </divisions>
          <horizontalObstacles>
            <gap>2</gap>
            <bridge>2</bridge>
            <door>2</door>
            <puzzle>2</puzzle>
            <jump>0</jump>
          </horizontalObstacles>
          <verticalObstacles>
            <stairs>0</stairs>
            <ladder>0</ladder>
            <jump>0</jump>
          </verticalObstacles>
          <hintLikelihood>1</hintLikelihood>
        </specification>
      </ClassroomDecorator>
      <ServerQuitFromTimeUp timeLimitMs="45000" description="out_of_time"/>
      <ServerQuitWhenAnyAgentFinishes />
    </ServerHandlers>
  </ServerSection>

  <AgentSection mode="Survival">
    <Name>James Bond</Name>
    <AgentStart>
      <Placement x="-203.5" y="81.0" z="217.5"/>
    </AgentStart>
    <AgentHandlers>
      <VideoProducer want_depth="false">
        <Width>320</Width>
        <Height>240</Height>
      </VideoProducer>
      <ObservationFromFullStats />
      <ContinuousMovementCommands turnSpeedDegs="180">
        <ModifierList type="deny-list">
          <command>attack</command>
        </ModifierList>
      </ContinuousMovementCommands>
      <RewardForMissionEnd rewardForDeath="-10000">
        <Reward description="found_goal" reward="4000" />
        <Reward description="out_of_time" reward="-1000" />
      </RewardForMissionEnd>
      <RewardForTouchingBlockType>
        <Block type="gold_ore diamond_ore redstone_ore" reward="20" />
      </RewardForTouchingBlockType>
      <AgentQuitFromTouchingBlockType>
        <Block type="gold_block diamond_block redstone_block" description="found_goal" />
      </AgentQuitFromTouchingBlockType>
    </AgentHandlers>
  </AgentSection>
</Mission>
